{"0":{"name":"55_NaCl_0Mg_TP3_GAF_40_1ns_unres","MAE":1.4220984889,"MAE_lower_bound":0.4099259458,"MAE_upper_bound":2.6640546238,"RMSE":1.9818669723,"RMSE_lower_bound":0.8417924422,"RMSE_upper_bound":2.9466918095,"pearsons_r":0.7602795002,"pearsons_r_lower_bound":0.3111373513,"pearsons_r_upper_bound":0.999967673,"kendall_tau":0.4666666667,"kendall_tau_lower_bound":-0.1666666667,"kendall_tau_upper_bound":1.0,"spearmans_rho":0.6571428571,"spearmans_rho_lower_bound":-0.2258064516,"spearmans_rho_upper_bound":1.0}}