{"0":{"name":"55_NaCl_0Mg_TP3_GAF_40_1ns_unres","MAE":1.4220984889,"MAE_lower_bound":0.4511907161,"MAE_upper_bound":2.519053659,"RMSE":1.9818669723,"RMSE_lower_bound":0.8480670365,"RMSE_upper_bound":2.7794993823,"pearsons_r":0.7602795002,"pearsons_r_lower_bound":0.2938902926,"pearsons_r_upper_bound":0.9999421788,"kendall_tau":0.4666666667,"kendall_tau_lower_bound":-0.1666666667,"kendall_tau_upper_bound":1.0,"spearmans_rho":0.6571428571,"spearmans_rho_lower_bound":-0.2258064516,"spearmans_rho_upper_bound":1.0},"1":{"name":"55_NaCl_2Mg_TP3_GAF_40_1ns_unres","MAE":2.1956584458,"MAE_lower_bound":1.4594556614,"MAE_upper_bound":2.8556349113,"RMSE":2.3690338782,"RMSE_lower_bound":1.7593385507,"RMSE_upper_bound":2.9167791965,"pearsons_r":0.8990217491,"pearsons_r_lower_bound":0.7103184289,"pearsons_r_upper_bound":0.9996322896,"kendall_tau":0.7333333333,"kendall_tau_lower_bound":-0.0909090909,"kendall_tau_upper_bound":1.0,"spearmans_rho":0.8285714286,"spearmans_rho_lower_bound":0.0,"spearmans_rho_upper_bound":1.0},"2":{"name":"55_NaCl_3Mg_TP3_GAF_40_1ns_unres","MAE":2.9729864495,"MAE_lower_bound":2.3391101881,"MAE_upper_bound":3.8155275863,"RMSE":3.1094655161,"RMSE_lower_bound":2.3852841691,"RMSE_upper_bound":3.9256386727,"pearsons_r":0.5610245813,"pearsons_r_lower_bound":0.1001384191,"pearsons_r_upper_bound":0.9974517129,"kendall_tau":0.7333333333,"kendall_tau_lower_bound":0.2307692308,"kendall_tau_upper_bound":1.0,"spearmans_rho":0.8857142857,"spearmans_rho_lower_bound":0.4545454545,"spearmans_rho_upper_bound":1.0},"3":{"name":"55_NaCl_0Mg_TP3_GAF_40_1ns_BBres","MAE":2.2392154152,"MAE_lower_bound":1.3060706207,"MAE_upper_bound":3.0883080787,"RMSE":2.4839080392,"RMSE_lower_bound":1.6677419768,"RMSE_upper_bound":3.1627158964,"pearsons_r":0.6486672182,"pearsons_r_lower_bound":0.1235203902,"pearsons_r_upper_bound":0.9995056043,"kendall_tau":0.7333333333,"kendall_tau_lower_bound":-0.0909090909,"kendall_tau_upper_bound":1.0,"spearmans_rho":0.8857142857,"spearmans_rho_lower_bound":0.0,"spearmans_rho_upper_bound":1.0},"4":{"name":"55_NaCl_2Mg_TP3_GAF_40_1ns_BBres","MAE":2.6155823955,"MAE_lower_bound":1.5939470895,"MAE_upper_bound":3.6268495144,"RMSE":2.9132563728,"RMSE_lower_bound":1.8645456591,"RMSE_upper_bound":3.6938074643,"pearsons_r":0.658711561,"pearsons_r_lower_bound":0.0455751791,"pearsons_r_upper_bound":0.9998622136,"kendall_tau":0.7333333333,"kendall_tau_lower_bound":-0.0909090909,"kendall_tau_upper_bound":1.0,"spearmans_rho":0.8857142857,"spearmans_rho_lower_bound":0.0,"spearmans_rho_upper_bound":1.0},"5":{"name":"55_NaCl_3Mg_TP3_GAF_40_1ns_BBres","MAE":2.6965042471,"MAE_lower_bound":1.399306657,"MAE_upper_bound":4.112120124,"RMSE":3.212875677,"RMSE_lower_bound":1.4546859082,"RMSE_upper_bound":4.3784573536,"pearsons_r":0.3811824845,"pearsons_r_lower_bound":-0.3162860723,"pearsons_r_upper_bound":0.9950601046,"kendall_tau":0.3333333333,"kendall_tau_lower_bound":-0.5,"kendall_tau_upper_bound":1.0,"spearmans_rho":0.4285714286,"spearmans_rho_lower_bound":-0.7419354839,"spearmans_rho_upper_bound":1.0},"6":{"name":"55_NaCl_2Mg_OPC_GAF_40_1ns_unres","MAE":2.2518091449,"MAE_lower_bound":1.0281564035,"MAE_upper_bound":3.4754618863,"RMSE":2.7768280704,"RMSE_lower_bound":1.110765481,"RMSE_upper_bound":3.7669639533,"pearsons_r":0.2732834145,"pearsons_r_lower_bound":-0.6556818654,"pearsons_r_upper_bound":0.9976888113,"kendall_tau":0.3333333333,"kendall_tau_lower_bound":-0.5384615385,"kendall_tau_upper_bound":1.0,"spearmans_rho":0.5428571429,"spearmans_rho_lower_bound":-0.6363636364,"spearmans_rho_upper_bound":1.0},"7":{"name":"55_NaCl_2Mg_TP3_OFF_40_1ns_unres","MAE":2.4479353248,"MAE_lower_bound":1.4686339445,"MAE_upper_bound":3.648456025,"RMSE":2.800530233,"RMSE_lower_bound":1.6000899205,"RMSE_upper_bound":3.9079701286,"pearsons_r":0.5009119676,"pearsons_r_lower_bound":-0.3534466087,"pearsons_r_upper_bound":0.9877667194,"kendall_tau":0.4666666667,"kendall_tau_lower_bound":-0.2307692308,"kendall_tau_upper_bound":1.0,"spearmans_rho":0.7142857143,"spearmans_rho_lower_bound":-0.0909090909,"spearmans_rho_upper_bound":1.0},"8":{"name":"55_NaCl_3Mg_TP3_OFF_40_1ns_unres","MAE":2.360972603,"MAE_lower_bound":1.2821782845,"MAE_upper_bound":3.5303396657,"RMSE":2.7329830392,"RMSE_lower_bound":1.5936539923,"RMSE_upper_bound":3.8059663582,"pearsons_r":0.6964617728,"pearsons_r_lower_bound":-0.2247065252,"pearsons_r_upper_bound":0.9989136422,"kendall_tau":0.4666666667,"kendall_tau_lower_bound":-0.6363636364,"kendall_tau_upper_bound":1.0,"spearmans_rho":0.6,"spearmans_rho_lower_bound":-0.8,"spearmans_rho_upper_bound":1.0},"9":{"name":"55_KCl_2Mg_TP3_GAF_40_1ns_unres","MAE":1.9149526341,"MAE_lower_bound":0.7172257389,"MAE_upper_bound":3.259228236,"RMSE":2.474883941,"RMSE_lower_bound":0.9150143384,"RMSE_upper_bound":3.6374442964,"pearsons_r":0.346932577,"pearsons_r_lower_bound":-0.9911975904,"pearsons_r_upper_bound":0.9998793479,"kendall_tau":0.0666666667,"kendall_tau_lower_bound":-1.0,"kendall_tau_upper_bound":1.0,"spearmans_rho":0.1428571429,"spearmans_rho_lower_bound":-1.0,"spearmans_rho_upper_bound":1.0},"10":{"name":"55_KCl_3Mg_TP3_GAF_40_1ns_unres","MAE":2.3922660586,"MAE_lower_bound":1.374867111,"MAE_upper_bound":3.7103842556,"RMSE":2.7943989243,"RMSE_lower_bound":1.4431465307,"RMSE_upper_bound":3.9571552174,"pearsons_r":0.4621824687,"pearsons_r_lower_bound":-0.0965911051,"pearsons_r_upper_bound":0.9968363389,"kendall_tau":0.4666666667,"kendall_tau_lower_bound":-0.4545454545,"kendall_tau_upper_bound":1.0,"spearmans_rho":0.6,"spearmans_rho_lower_bound":-0.6,"spearmans_rho_upper_bound":1.0},"11":{"name":"150_KCl_2Mg_TP3_GAF_40_1ns_unres","MAE":1.7286125002,"MAE_lower_bound":0.6776232842,"MAE_upper_bound":3.2941739467,"RMSE":2.4597912261,"RMSE_lower_bound":0.7143103743,"RMSE_upper_bound":3.9856613938,"pearsons_r":0.2336743302,"pearsons_r_lower_bound":-0.7568511613,"pearsons_r_upper_bound":0.9999062313,"kendall_tau":0.4666666667,"kendall_tau_lower_bound":-0.3333333333,"kendall_tau_upper_bound":1.0,"spearmans_rho":0.6,"spearmans_rho_lower_bound":-0.5,"spearmans_rho_upper_bound":1.0},"12":{"name":"0_NaCl_3Mg_TP3_GAF_40_1ns_unres","MAE":2.528097872,"MAE_lower_bound":1.7917297456,"MAE_upper_bound":3.4125197658,"RMSE":2.7421690582,"RMSE_lower_bound":1.8647081284,"RMSE_upper_bound":3.5723608509,"pearsons_r":0.8232693106,"pearsons_r_lower_bound":-0.284435728,"pearsons_r_upper_bound":0.9985067521,"kendall_tau":0.4666666667,"kendall_tau_lower_bound":-0.5384615385,"kendall_tau_upper_bound":1.0,"spearmans_rho":0.6,"spearmans_rho_lower_bound":-0.6363636364,"spearmans_rho_upper_bound":1.0},"13":{"name":"55_NaCl_2Mg_TP3_GAF_80_1ns_unres","MAE":2.795120733,"MAE_lower_bound":2.2096045106,"MAE_upper_bound":3.5541166925,"RMSE":2.9056627527,"RMSE_lower_bound":2.2716516812,"RMSE_upper_bound":3.630878671,"pearsons_r":0.8877209622,"pearsons_r_lower_bound":0.6848600321,"pearsons_r_upper_bound":0.9994804308,"kendall_tau":0.7333333333,"kendall_tau_lower_bound":-0.0909090909,"kendall_tau_upper_bound":1.0,"spearmans_rho":0.8857142857,"spearmans_rho_lower_bound":0.0,"spearmans_rho_upper_bound":1.0},"14":{"name":"55_NaCl_2Mg_TP3_GAF_40_2ns_unres","MAE":2.8059583799,"MAE_lower_bound":1.9762434493,"MAE_upper_bound":3.5116210118,"RMSE":2.9552094513,"RMSE_lower_bound":2.1282557695,"RMSE_upper_bound":3.5337494047,"pearsons_r":0.8510981264,"pearsons_r_lower_bound":0.2498515134,"pearsons_r_upper_bound":0.9922985208,"kendall_tau":0.6,"kendall_tau_lower_bound":-0.2307692308,"kendall_tau_upper_bound":1.0,"spearmans_rho":0.7714285714,"spearmans_rho_lower_bound":-0.0909090909,"spearmans_rho_upper_bound":1.0},"15":{"name":"55_NaCl_2Mg_TP3_GAF_80_1ns_BBres","MAE":2.1554876287,"MAE_lower_bound":1.391557764,"MAE_upper_bound":3.0077299519,"RMSE":2.3997982144,"RMSE_lower_bound":1.5018750428,"RMSE_upper_bound":3.1327411732,"pearsons_r":0.7252591012,"pearsons_r_lower_bound":0.1728464641,"pearsons_r_upper_bound":0.9999978547,"kendall_tau":0.8666666667,"kendall_tau_lower_bound":0.3333333333,"kendall_tau_upper_bound":1.0,